Sample in Buffer,Sample in Window,TRIGGER,dac_inst/in_clk,dac_inst/in_reset,dac_inst/in_sdo,dac_inst/p_0_in11_in,dac_inst/out_sclk,dac_inst/out_ss,dac_inst/out_sdio,dac_inst/out_data[15:0]
Radix - UNSIGNED,UNSIGNED,UNSIGNED,HEX,HEX,HEX,HEX,HEX,HEX,HEX,HEX
0,0,0,0,1,0,1,1,1,0,ffff
1,1,0,0,1,0,1,1,1,0,ffff
2,2,0,0,1,0,1,1,1,0,ffff
3,3,0,0,1,0,1,1,1,0,ffff
4,4,0,0,1,0,1,1,1,0,ffff
5,5,0,0,1,0,1,1,1,0,ffff
6,6,0,0,1,0,1,1,1,0,ffff
7,7,0,0,1,0,1,1,1,0,ffff
8,8,0,0,1,0,1,1,1,0,ffff
9,9,0,0,1,0,1,1,1,0,ffff
10,10,0,0,1,0,1,1,1,0,ffff
11,11,0,0,1,0,1,1,1,0,ffff
12,12,0,0,1,0,1,1,1,0,ffff
13,13,0,0,1,0,1,1,1,0,ffff
14,14,0,0,1,0,1,1,1,0,ffff
15,15,0,0,1,0,1,1,1,0,ffff
16,16,0,0,1,0,1,1,1,0,ffff
17,17,0,0,1,0,1,1,1,0,ffff
18,18,0,0,1,0,1,1,1,0,ffff
19,19,0,0,1,0,1,1,1,0,ffff
20,20,0,0,1,0,1,1,1,0,ffff
21,21,0,0,1,0,1,1,1,0,ffff
22,22,0,0,1,0,1,1,1,0,ffff
23,23,0,0,1,0,1,1,1,0,ffff
24,24,0,0,1,0,1,1,1,0,ffff
25,25,0,0,1,0,1,1,1,0,ffff
26,26,0,0,1,0,1,1,1,0,ffff
27,27,0,0,1,0,1,1,1,0,ffff
28,28,0,0,1,0,1,1,1,0,ffff
29,29,0,0,1,0,1,1,1,0,ffff
30,30,0,0,1,0,1,1,1,0,ffff
31,31,0,0,1,0,1,1,1,0,ffff
32,32,0,0,1,0,1,1,1,0,ffff
33,33,0,0,1,0,1,1,1,0,ffff
34,34,0,0,1,0,1,1,1,0,ffff
35,35,0,0,1,0,1,1,1,0,ffff
36,36,0,0,1,0,1,1,1,0,ffff
37,37,0,0,1,0,1,1,1,0,ffff
38,38,0,0,1,0,1,1,1,0,ffff
39,39,0,0,1,0,1,1,1,0,ffff
40,40,0,0,1,0,1,1,1,0,ffff
41,41,0,0,1,0,1,1,1,0,ffff
42,42,0,0,1,0,1,1,1,0,ffff
43,43,0,0,1,0,1,1,1,0,ffff
44,44,0,0,1,0,1,1,1,0,ffff
45,45,0,0,1,0,1,1,1,0,ffff
46,46,0,0,1,0,1,1,1,0,ffff
47,47,0,0,1,0,1,1,0,0,ffff
48,48,0,0,1,0,1,1,0,0,ffff
49,49,0,0,1,0,1,1,0,0,ffff
50,50,0,0,1,0,1,0,0,0,ffff
51,51,0,0,1,0,1,0,0,0,0000
52,52,0,0,1,0,1,0,0,0,0000
53,53,0,0,1,0,1,0,0,0,0000
54,54,0,0,1,0,1,0,0,0,0000
55,55,0,0,1,0,1,0,0,0,0000
56,56,0,0,1,0,1,1,0,0,0000
57,57,0,0,1,0,1,1,0,0,0000
58,58,0,0,1,0,1,1,0,0,0000
59,59,0,0,1,0,1,1,0,0,0000
60,60,0,0,1,0,1,1,0,0,0000
61,61,0,0,1,0,1,1,0,0,0000
62,62,0,0,1,0,1,0,0,0,0000
63,63,0,0,1,0,1,0,0,0,0000
64,64,0,0,1,0,1,0,0,0,0000
65,65,0,0,1,0,1,0,0,0,0000
66,66,0,0,1,0,1,0,0,0,0000
67,67,0,0,1,0,1,0,0,0,0000
68,68,0,0,1,0,1,1,0,0,0000
69,69,0,0,1,0,1,1,0,0,0000
70,70,0,0,1,0,1,1,0,0,0000
71,71,0,0,1,0,1,1,0,0,0000
72,72,0,0,1,0,1,1,0,0,0000
73,73,0,0,1,0,1,1,0,0,0000
74,74,0,0,1,0,1,0,0,0,0000
75,75,0,0,1,0,1,0,0,0,0000
76,76,0,0,1,0,1,0,0,0,0000
77,77,0,0,1,0,1,0,0,0,0000
78,78,0,0,1,0,1,0,0,0,0000
79,79,0,0,1,0,1,0,0,0,0000
80,80,0,0,1,0,1,1,0,0,0000
81,81,0,0,1,0,1,1,0,0,0000
82,82,0,0,1,0,1,1,0,0,0000
83,83,0,0,1,0,1,1,0,0,ffff
84,84,0,0,1,0,1,1,0,0,ffff
85,85,0,0,1,0,1,1,0,0,ffff
86,86,0,0,1,0,1,0,0,0,ffff
87,87,0,0,1,0,1,0,0,0,ffff
88,88,0,0,1,0,1,0,0,0,ffff
89,89,0,0,1,0,1,0,0,0,ffff
90,90,0,0,1,0,1,0,0,0,ffff
91,91,0,0,1,0,1,0,0,0,ffff
92,92,0,0,1,0,1,1,0,0,ffff
93,93,0,0,1,0,1,1,0,0,ffff
94,94,0,0,1,0,1,1,0,0,ffff
95,95,0,0,1,0,1,1,0,0,ffff
96,96,0,0,1,0,1,1,0,0,ffff
97,97,0,0,1,0,1,1,0,0,ffff
98,98,0,0,1,0,1,0,0,0,ffff
99,99,0,0,1,0,1,0,0,0,ffff
100,100,0,0,1,0,1,0,0,0,ffff
101,101,0,0,1,0,1,0,0,0,ffff
102,102,0,0,1,0,1,0,0,0,ffff
103,103,0,0,1,0,1,0,0,0,ffff
104,104,0,0,1,0,1,1,0,0,ffff
105,105,0,0,1,0,1,1,0,0,ffff
106,106,0,0,1,0,1,1,0,0,ffff
107,107,0,0,1,0,1,1,0,0,ffff
108,108,0,0,1,0,1,1,0,0,ffff
109,109,0,0,1,0,1,1,0,0,ffff
110,110,0,0,1,0,1,0,0,0,ffff
111,111,0,0,1,0,1,0,0,0,ffff
112,112,0,0,1,0,1,0,0,1,ffff
113,113,0,0,1,0,1,0,0,1,ffff
114,114,0,0,1,0,1,0,0,1,ffff
115,115,0,0,1,0,1,0,0,1,0000
116,116,0,0,1,0,1,1,0,1,0000
117,117,0,0,1,0,1,1,0,1,0000
118,118,0,0,1,0,1,1,0,1,0000
119,119,0,0,1,0,1,1,0,1,0000
120,120,0,0,1,0,1,1,0,1,0000
121,121,0,0,1,0,1,1,0,1,0000
122,122,0,0,1,0,1,0,0,1,0000
123,123,0,0,1,0,1,0,0,1,0000
124,124,0,0,1,0,1,0,0,0,0000
125,125,0,0,1,0,1,0,0,0,0000
126,126,0,0,1,0,1,0,0,0,0000
127,127,0,0,1,0,1,0,0,0,0000
128,128,0,0,1,0,1,1,0,0,0000
129,129,0,0,1,0,1,1,0,0,0000
130,130,0,0,1,0,1,1,0,0,0000
131,131,0,0,1,0,1,1,0,0,0000
132,132,0,0,1,0,1,1,0,0,0000
133,133,0,0,1,0,1,1,0,0,0000
134,134,0,0,1,0,1,0,0,0,0000
135,135,0,0,1,0,1,0,0,0,0000
136,136,0,0,1,0,1,0,0,0,0000
137,137,0,0,1,0,1,0,0,0,0000
138,138,0,0,1,0,1,0,0,0,0000
139,139,0,0,1,0,1,0,0,0,0000
140,140,0,0,1,0,1,1,0,0,0000
141,141,0,0,1,0,1,1,0,0,0000
142,142,0,0,1,0,1,1,0,0,0000
143,143,0,0,1,0,1,1,0,0,0000
144,144,0,0,1,0,1,1,0,0,0000
145,145,0,0,1,0,1,1,0,0,0000
146,146,0,0,1,0,1,0,0,0,0000
147,147,0,0,1,0,1,0,0,0,ffff
148,148,0,0,1,0,1,0,0,0,ffff
149,149,0,0,1,0,1,0,0,0,ffff
150,150,0,0,1,0,1,0,0,0,ffff
151,151,0,0,1,0,1,0,0,0,ffff
152,152,0,0,1,0,1,1,0,0,ffff
153,153,0,0,1,0,1,1,0,0,ffff
154,154,0,0,1,0,1,1,0,0,ffff
155,155,0,0,1,0,1,1,0,0,ffff
156,156,0,0,1,0,1,1,0,0,ffff
157,157,0,0,1,0,1,1,0,0,ffff
158,158,0,0,1,0,1,0,0,0,ffff
159,159,0,0,1,0,1,0,0,0,ffff
160,160,0,0,1,0,1,0,0,0,ffff
161,161,0,0,1,0,1,0,0,0,ffff
162,162,0,0,1,0,1,0,0,0,ffff
163,163,0,0,1,0,1,0,0,0,ffff
164,164,0,0,1,0,1,1,0,0,ffff
165,165,0,0,1,0,1,1,0,0,ffff
166,166,0,0,1,0,1,1,0,0,ffff
167,167,0,0,1,0,1,1,0,0,ffff
168,168,0,0,1,0,1,1,0,0,ffff
169,169,0,0,1,0,1,1,0,0,ffff
170,170,0,0,1,0,1,0,0,0,ffff
171,171,0,0,1,0,1,0,0,0,ffff
172,172,0,0,1,0,1,0,0,0,ffff
173,173,0,0,1,0,1,0,0,0,ffff
174,174,0,0,1,0,1,0,0,0,ffff
175,175,0,0,1,0,1,0,0,0,ffff
176,176,0,0,1,0,1,1,0,0,ffff
177,177,0,0,1,0,1,1,0,0,ffff
178,178,0,0,1,0,1,1,0,0,ffff
179,179,0,0,1,0,1,1,0,0,0000
180,180,0,0,1,0,1,1,0,0,0000
181,181,0,0,1,0,1,1,0,0,0000
182,182,0,0,1,0,1,0,0,0,0000
183,183,0,0,1,0,1,0,0,0,0000
184,184,0,0,1,0,1,0,0,0,0000
185,185,0,0,1,0,1,0,0,0,0000
186,186,0,0,1,0,1,0,0,0,0000
187,187,0,0,1,0,1,0,0,0,0000
188,188,0,0,1,0,1,1,0,0,0000
189,189,0,0,1,0,1,1,0,0,0000
190,190,0,0,1,0,1,1,0,0,0000
191,191,0,0,1,0,1,1,0,0,0000
192,192,0,0,1,0,1,1,0,0,0000
193,193,0,0,1,0,1,1,0,0,0000
194,194,0,0,1,0,1,0,0,0,0000
195,195,0,0,1,0,1,0,0,0,0000
196,196,0,0,1,0,1,0,0,0,0000
197,197,0,0,1,0,1,0,0,0,0000
198,198,0,0,1,0,1,0,0,0,0000
199,199,0,0,1,0,1,0,0,0,0000
200,200,0,0,1,0,1,1,0,0,0000
201,201,0,0,1,0,1,1,0,0,0000
202,202,0,0,1,0,1,1,0,0,0000
203,203,0,0,1,0,1,1,0,0,0000
204,204,0,0,1,0,1,1,0,0,0000
205,205,0,0,1,0,1,1,0,0,0000
206,206,0,0,1,0,1,0,0,0,0000
207,207,0,0,1,0,1,0,0,0,0000
208,208,0,0,1,0,1,0,0,0,0000
209,209,0,0,1,0,1,0,0,0,0000
210,210,0,0,1,0,1,0,0,0,0000
211,211,0,0,1,0,1,0,0,0,ffff
212,212,0,0,1,0,1,1,0,0,ffff
213,213,0,0,1,0,1,1,0,0,ffff
214,214,0,0,1,0,1,1,0,0,ffff
215,215,0,0,1,0,1,1,0,0,ffff
216,216,0,0,1,0,1,1,0,0,ffff
217,217,0,0,1,0,1,1,0,0,ffff
218,218,0,0,1,0,1,0,0,0,ffff
219,219,0,0,1,0,1,0,0,0,ffff
220,220,0,0,1,0,1,0,0,0,ffff
221,221,0,0,1,0,1,0,0,0,ffff
222,222,0,0,1,0,1,0,0,0,ffff
223,223,0,0,1,0,1,0,0,0,ffff
224,224,0,0,1,0,1,1,0,0,ffff
225,225,0,0,1,0,1,1,0,0,ffff
226,226,0,0,1,0,1,1,0,0,ffff
227,227,0,0,1,0,1,1,0,0,ffff
228,228,0,0,1,0,1,1,0,0,ffff
229,229,0,0,1,0,1,1,0,0,ffff
230,230,0,0,1,0,1,0,0,0,ffff
231,231,0,0,1,0,1,0,0,0,ffff
232,232,0,0,1,0,1,0,0,0,ffff
233,233,0,0,1,0,1,0,0,0,ffff
234,234,0,0,1,0,1,0,0,0,ffff
235,235,0,0,1,0,1,0,0,0,ffff
236,236,0,0,1,0,1,1,0,0,ffff
237,237,0,0,1,0,1,1,0,0,ffff
238,238,0,0,1,0,1,1,0,0,ffff
239,239,0,0,1,0,1,1,0,0,ffff
240,240,0,0,1,0,1,1,1,0,ffff
241,241,0,0,1,0,1,1,1,0,ffff
242,242,0,0,1,0,1,1,1,0,ffff
243,243,0,0,1,0,1,1,1,0,ffff
244,244,0,0,1,0,1,1,1,0,ffff
245,245,0,0,1,0,1,1,1,0,ffff
246,246,0,0,1,0,1,1,1,0,ffff
247,247,0,0,1,0,1,1,1,0,ffff
248,248,0,0,1,0,1,1,1,0,ffff
249,249,0,0,1,0,1,1,1,0,ffff
250,250,0,0,1,0,1,1,1,0,ffff
251,251,0,0,1,0,1,1,1,0,ffff
252,252,0,0,1,0,1,1,1,0,ffff
253,253,0,0,1,0,1,1,1,0,ffff
254,254,0,0,1,0,1,1,1,0,ffff
255,255,0,0,1,0,1,1,1,0,ffff
256,256,0,0,1,0,1,1,1,0,ffff
257,257,0,0,1,0,1,1,1,0,ffff
258,258,0,0,1,0,1,1,1,0,ffff
259,259,0,0,1,0,1,1,1,0,ffff
260,260,0,0,1,0,1,1,1,0,ffff
261,261,0,0,1,0,1,1,1,0,ffff
262,262,0,0,1,0,1,1,1,0,ffff
263,263,0,0,1,0,1,1,1,0,ffff
264,264,0,0,1,0,1,1,1,0,ffff
265,265,0,0,1,0,1,1,1,0,ffff
266,266,0,0,1,0,1,1,1,0,ffff
267,267,0,0,1,0,1,1,1,0,ffff
268,268,0,0,1,0,1,1,1,0,ffff
269,269,0,0,1,0,1,1,1,0,ffff
270,270,0,0,1,0,1,1,1,0,ffff
271,271,0,0,1,0,1,1,1,0,ffff
272,272,0,0,1,0,1,1,1,0,ffff
273,273,0,0,1,0,1,1,1,0,ffff
274,274,0,0,1,0,1,1,1,0,ffff
275,275,0,0,1,0,1,1,1,0,ffff
276,276,0,0,1,0,1,1,1,0,ffff
277,277,0,0,1,0,1,1,1,0,ffff
278,278,0,0,1,0,1,1,1,0,ffff
279,279,0,0,1,0,1,1,1,0,ffff
280,280,0,0,1,0,1,1,1,0,ffff
281,281,0,0,1,0,1,1,1,0,ffff
282,282,0,0,1,0,1,1,1,0,ffff
283,283,0,0,1,0,1,1,1,0,ffff
284,284,0,0,1,0,1,1,1,0,ffff
285,285,0,0,1,0,1,1,1,0,ffff
286,286,0,0,1,0,1,1,1,0,ffff
287,287,0,0,1,0,1,1,1,0,ffff
288,288,0,0,1,0,1,1,1,0,ffff
289,289,0,0,1,0,1,1,1,0,ffff
290,290,0,0,1,0,1,1,1,0,ffff
291,291,0,0,1,0,1,1,1,0,ffff
292,292,0,0,1,0,1,1,1,0,ffff
293,293,0,0,1,0,1,1,1,0,ffff
294,294,0,0,1,0,1,1,1,0,ffff
295,295,0,0,1,0,1,1,1,0,ffff
296,296,0,0,1,0,1,1,1,0,ffff
297,297,0,0,1,0,1,1,1,0,ffff
298,298,0,0,1,0,1,1,1,0,ffff
299,299,0,0,1,0,1,1,1,0,ffff
300,300,0,0,1,0,1,1,1,0,ffff
301,301,0,0,1,0,1,1,1,0,ffff
302,302,0,0,1,0,1,1,1,0,ffff
303,303,0,0,1,0,1,1,1,0,ffff
304,304,0,0,1,0,1,1,1,0,ffff
305,305,0,0,1,0,1,1,1,0,ffff
306,306,0,0,1,0,1,1,1,0,ffff
307,307,0,0,1,0,1,1,0,0,ffff
308,308,0,0,1,0,1,1,0,0,ffff
309,309,0,0,1,0,1,1,0,0,ffff
310,310,0,0,1,0,1,0,0,0,0000
311,311,0,0,1,0,1,0,0,0,0000
312,312,0,0,1,0,1,0,0,0,0000
313,313,0,0,1,0,1,0,0,0,0000
314,314,0,0,1,0,1,0,0,0,0000
315,315,0,0,1,0,1,0,0,0,0000
316,316,0,0,1,0,1,1,0,0,0000
317,317,0,0,1,0,1,1,0,0,0000
318,318,0,0,1,0,1,1,0,0,0000
319,319,0,0,1,0,1,1,0,0,0000
320,320,0,0,1,0,1,1,0,0,0000
321,321,0,0,1,0,1,1,0,0,0000
322,322,0,0,1,0,1,0,0,0,0000
323,323,0,0,1,0,1,0,0,0,0000
324,324,0,0,1,0,1,0,0,0,0000
325,325,0,0,1,0,1,0,0,0,0000
326,326,0,0,1,0,1,0,0,0,0000
327,327,0,0,1,0,1,0,0,0,0000
328,328,0,0,1,0,1,1,0,0,0000
329,329,0,0,1,0,1,1,0,0,0000
330,330,0,0,1,0,1,1,0,0,0000
331,331,0,0,1,0,1,1,0,0,0000
332,332,0,0,1,0,1,1,0,0,0000
333,333,0,0,1,0,1,1,0,0,0000
334,334,0,0,1,0,1,0,0,0,0000
335,335,0,0,1,0,1,0,0,0,0000
336,336,0,0,1,0,1,0,0,0,0000
337,337,0,0,1,0,1,0,0,0,0000
338,338,0,0,1,0,1,0,0,0,0000
339,339,0,0,1,0,1,0,0,0,0000
340,340,0,0,1,0,1,1,0,0,0000
341,341,0,0,1,0,1,1,0,0,0000
342,342,0,0,1,0,1,1,0,0,ffff
343,343,0,0,1,0,1,1,0,0,ffff
344,344,0,0,1,0,1,1,0,0,ffff
345,345,0,0,1,0,1,1,0,0,ffff
346,346,0,0,1,0,1,0,0,0,ffff
347,347,0,0,1,0,1,0,0,0,ffff
348,348,0,0,1,0,1,0,0,0,ffff
349,349,0,0,1,0,1,0,0,0,ffff
350,350,0,0,1,0,1,0,0,0,ffff
351,351,0,0,1,0,1,0,0,0,ffff
352,352,0,0,1,0,1,1,0,0,ffff
353,353,0,0,1,0,1,1,0,0,ffff
354,354,0,0,1,0,1,1,0,0,ffff
355,355,0,0,1,0,1,1,0,0,ffff
356,356,0,0,1,0,1,1,0,0,ffff
357,357,0,0,1,0,1,1,0,0,ffff
358,358,0,0,1,0,1,0,0,0,ffff
359,359,0,0,1,0,1,0,0,0,ffff
360,360,0,0,1,0,1,0,0,0,ffff
361,361,0,0,1,0,1,0,0,0,ffff
362,362,0,0,1,0,1,0,0,0,ffff
363,363,0,0,1,0,1,0,0,0,ffff
364,364,0,0,1,0,1,1,0,0,ffff
365,365,0,0,1,0,1,1,0,0,ffff
366,366,0,0,1,0,1,1,0,0,ffff
367,367,0,0,1,0,1,1,0,0,ffff
368,368,0,0,1,0,1,1,0,0,ffff
369,369,0,0,1,0,1,1,0,0,ffff
370,370,0,0,1,0,1,0,0,0,ffff
371,371,0,0,1,0,1,0,0,0,ffff
372,372,0,0,1,0,1,0,0,1,ffff
373,373,0,0,1,0,1,0,0,1,ffff
374,374,0,0,1,0,1,0,0,1,0000
375,375,0,0,1,0,1,0,0,1,0000
376,376,0,0,1,0,1,1,0,1,0000
377,377,0,0,1,0,1,1,0,1,0000
378,378,0,0,1,0,1,1,0,1,0000
379,379,0,0,1,0,1,1,0,1,0000
380,380,0,0,1,0,1,1,0,1,0000
381,381,0,0,1,0,1,1,0,1,0000
382,382,0,0,1,0,1,0,0,1,0000
383,383,0,0,1,0,1,0,0,1,0000
384,384,0,0,1,0,1,0,0,0,0000
385,385,0,0,1,0,1,0,0,0,0000
386,386,0,0,1,0,1,0,0,0,0000
387,387,0,0,1,0,1,0,0,0,0000
388,388,0,0,1,0,1,1,0,0,0000
389,389,0,0,1,0,1,1,0,0,0000
390,390,0,0,1,0,1,1,0,0,0000
391,391,0,0,1,0,1,1,0,0,0000
392,392,0,0,1,0,1,1,0,0,0000
393,393,0,0,1,0,1,1,0,0,0000
394,394,0,0,1,0,1,0,0,0,0000
395,395,0,0,1,0,1,0,0,0,0000
396,396,0,0,1,0,1,0,0,0,0000
397,397,0,0,1,0,1,0,0,0,0000
398,398,0,0,1,0,1,0,0,0,0000
399,399,0,0,1,0,1,0,0,0,0000
400,400,0,0,1,0,1,1,0,0,0000
401,401,0,0,1,0,1,1,0,0,0000
402,402,0,0,1,0,1,1,0,0,0000
403,403,0,0,1,0,1,1,0,0,0000
404,404,0,0,1,0,1,1,0,0,0000
405,405,0,0,1,0,1,1,0,0,0000
406,406,0,0,1,0,1,0,0,0,ffff
407,407,0,0,1,0,1,0,0,0,ffff
408,408,0,0,1,0,1,0,0,0,ffff
409,409,0,0,1,0,1,0,0,0,ffff
410,410,0,0,1,0,1,0,0,0,ffff
411,411,0,0,1,0,1,0,0,0,ffff
412,412,0,0,1,0,1,1,0,0,ffff
413,413,0,0,1,0,1,1,0,0,ffff
414,414,0,0,1,0,1,1,0,0,ffff
415,415,0,0,1,0,1,1,0,0,ffff
416,416,0,0,1,0,1,1,0,0,ffff
417,417,0,0,1,0,1,1,0,0,ffff
418,418,0,0,1,0,1,0,0,0,ffff
419,419,0,0,1,0,1,0,0,0,ffff
420,420,0,0,1,0,1,0,0,0,ffff
421,421,0,0,1,0,1,0,0,0,ffff
422,422,0,0,1,0,1,0,0,0,ffff
423,423,0,0,1,0,1,0,0,0,ffff
424,424,0,0,1,0,1,1,0,0,ffff
425,425,0,0,1,0,1,1,0,0,ffff
426,426,0,0,1,0,1,1,0,0,ffff
427,427,0,0,1,0,1,1,0,0,ffff
428,428,0,0,1,0,1,1,0,0,ffff
429,429,0,0,1,0,1,1,0,0,ffff
430,430,0,0,1,0,1,0,0,0,ffff
431,431,0,0,1,0,1,0,0,0,ffff
432,432,0,0,1,0,1,0,0,0,ffff
433,433,0,0,1,0,1,0,0,0,ffff
434,434,0,0,1,0,1,0,0,0,ffff
435,435,0,0,1,0,1,0,0,0,ffff
436,436,0,0,1,0,1,1,0,0,ffff
437,437,0,0,1,0,1,1,0,0,ffff
438,438,0,0,1,0,1,1,0,0,0000
439,439,0,0,1,0,1,1,0,0,0000
440,440,0,0,1,0,1,1,0,0,0000
441,441,0,0,1,0,1,1,0,0,0000
442,442,0,0,1,0,1,0,0,0,0000
443,443,0,0,1,0,1,0,0,0,0000
444,444,0,0,1,0,1,0,0,0,0000
445,445,0,0,1,0,1,0,0,0,0000
446,446,0,0,1,0,1,0,0,0,0000
447,447,0,0,1,0,1,0,0,0,0000
448,448,0,0,1,0,1,1,0,0,0000
449,449,0,0,1,0,1,1,0,0,0000
450,450,0,0,1,0,1,1,0,0,0000
451,451,0,0,1,0,1,1,0,0,0000
452,452,0,0,1,0,1,1,0,0,0000
453,453,0,0,1,0,1,1,0,0,0000
454,454,0,0,1,0,1,0,0,0,0000
455,455,0,0,1,0,1,0,0,0,0000
456,456,0,0,1,0,1,0,0,0,0000
457,457,0,0,1,0,1,0,0,0,0000
458,458,0,0,1,0,1,0,0,0,0000
459,459,0,0,1,0,1,0,0,0,0000
460,460,0,0,1,0,1,1,0,0,0000
461,461,0,0,1,0,1,1,0,0,0000
462,462,0,0,1,0,1,1,0,0,0000
463,463,0,0,1,0,1,1,0,0,0000
464,464,0,0,1,0,1,1,0,0,0000
465,465,0,0,1,0,1,1,0,0,0000
466,466,0,0,1,0,1,0,0,0,0000
467,467,0,0,1,0,1,0,0,0,0000
468,468,0,0,1,0,1,0,0,0,0000
469,469,0,0,1,0,1,0,0,0,0000
470,470,0,0,1,0,1,0,0,0,ffff
471,471,0,0,1,0,1,0,0,0,ffff
472,472,0,0,1,0,1,1,0,0,ffff
473,473,0,0,1,0,1,1,0,0,ffff
474,474,0,0,1,0,1,1,0,0,ffff
475,475,0,0,1,0,1,1,0,0,ffff
476,476,0,0,1,0,1,1,0,0,ffff
477,477,0,0,1,0,1,1,0,0,ffff
478,478,0,0,1,0,1,0,0,0,ffff
479,479,0,0,1,0,1,0,0,0,ffff
480,480,0,0,1,0,1,0,0,0,ffff
481,481,0,0,1,0,1,0,0,0,ffff
482,482,0,0,1,0,1,0,0,0,ffff
483,483,0,0,1,0,1,0,0,0,ffff
484,484,0,0,1,0,1,1,0,0,ffff
485,485,0,0,1,0,1,1,0,0,ffff
486,486,0,0,1,0,1,1,0,0,ffff
487,487,0,0,1,0,1,1,0,0,ffff
488,488,0,0,1,0,1,1,0,0,ffff
489,489,0,0,1,0,1,1,0,0,ffff
490,490,0,0,1,0,1,0,0,0,ffff
491,491,0,0,1,0,1,0,0,0,ffff
492,492,0,0,1,0,1,0,0,0,ffff
493,493,0,0,1,0,1,0,0,0,ffff
494,494,0,0,1,0,1,0,0,0,ffff
495,495,0,0,1,0,1,0,0,0,ffff
496,496,0,0,1,0,1,1,0,0,ffff
497,497,0,0,1,0,1,1,0,0,ffff
498,498,0,0,1,0,1,1,0,0,ffff
499,499,0,0,1,0,1,1,0,0,ffff
500,500,0,0,1,0,1,1,1,0,ffff
501,501,0,0,1,0,1,1,1,0,ffff
502,502,0,0,1,0,1,1,1,0,ffff
503,503,0,0,1,0,1,1,1,0,ffff
504,504,0,0,1,0,1,1,1,0,ffff
505,505,0,0,1,0,1,1,1,0,ffff
506,506,0,0,1,0,1,1,1,0,ffff
507,507,0,0,1,0,1,1,1,0,ffff
508,508,0,0,1,0,1,1,1,0,ffff
509,509,0,0,1,0,1,1,1,0,ffff
510,510,0,0,1,0,1,1,1,0,ffff
511,511,0,0,1,0,1,1,1,0,ffff
512,512,1,0,1,0,1,1,1,0,ffff
513,513,0,0,1,0,1,1,1,0,ffff
514,514,0,0,1,0,1,1,1,0,ffff
515,515,0,0,1,0,1,1,1,0,ffff
516,516,0,0,1,0,1,1,1,0,ffff
517,517,0,0,1,0,1,1,1,0,ffff
518,518,0,0,1,0,1,1,1,0,ffff
519,519,0,0,1,0,1,1,1,0,ffff
520,520,0,0,1,0,1,1,1,0,ffff
521,521,0,0,1,0,1,1,1,0,ffff
522,522,0,0,1,0,1,1,1,0,ffff
523,523,0,0,1,0,1,1,1,0,ffff
524,524,0,0,1,0,1,1,1,0,ffff
525,525,0,0,1,0,1,1,1,0,ffff
526,526,0,0,1,0,1,1,1,0,ffff
527,527,0,0,1,0,1,1,1,0,ffff
528,528,0,0,1,0,1,1,1,0,ffff
529,529,0,0,1,0,1,1,1,0,ffff
530,530,0,0,1,0,1,1,1,0,ffff
531,531,0,0,1,0,1,1,1,0,ffff
532,532,0,0,1,0,1,1,1,0,ffff
533,533,0,0,1,0,1,1,1,0,ffff
534,534,0,0,1,0,1,1,1,0,ffff
535,535,0,0,1,0,1,1,1,0,ffff
536,536,0,0,1,0,1,1,1,0,ffff
537,537,0,0,1,0,1,1,1,0,ffff
538,538,0,0,1,0,1,1,1,0,ffff
539,539,0,0,1,0,1,1,1,0,ffff
540,540,0,0,1,0,1,1,1,0,ffff
541,541,0,0,1,0,1,1,1,0,ffff
542,542,0,0,1,0,1,1,1,0,ffff
543,543,0,0,1,0,1,1,1,0,ffff
544,544,0,0,1,0,1,1,1,0,ffff
545,545,0,0,1,0,1,1,1,0,ffff
546,546,0,0,1,0,1,1,1,0,ffff
547,547,0,0,1,0,1,1,1,0,ffff
548,548,0,0,1,0,1,1,1,0,ffff
549,549,0,0,1,0,1,1,1,0,ffff
550,550,0,0,1,0,1,1,1,0,ffff
551,551,0,0,1,0,1,1,1,0,ffff
552,552,0,0,1,0,1,1,1,0,ffff
553,553,0,0,1,0,1,1,1,0,ffff
554,554,0,0,1,0,1,1,1,0,ffff
555,555,0,0,1,0,1,1,1,0,ffff
556,556,0,0,1,0,1,1,1,0,ffff
557,557,0,0,1,0,1,1,1,0,ffff
558,558,0,0,1,0,1,1,1,0,ffff
559,559,0,0,1,0,1,1,1,0,ffff
560,560,0,0,1,0,1,1,1,0,ffff
561,561,0,0,1,0,1,1,1,0,ffff
562,562,0,0,1,0,1,1,1,0,ffff
563,563,0,0,1,0,1,1,1,0,ffff
564,564,0,0,1,0,1,1,1,0,ffff
565,565,0,0,1,0,1,1,1,0,ffff
566,566,0,0,1,0,1,1,1,0,ffff
567,567,0,0,1,0,1,1,0,0,ffff
568,568,0,0,1,0,1,1,0,0,ffff
569,569,0,0,1,0,1,1,0,0,0000
570,570,0,0,1,0,1,0,0,0,0000
571,571,0,0,1,0,1,0,0,0,0000
572,572,0,0,1,0,1,0,0,0,0000
573,573,0,0,1,0,1,0,0,0,0000
574,574,0,0,1,0,1,0,0,0,0000
575,575,0,0,1,0,1,0,0,0,0000
576,576,0,0,1,0,1,1,0,0,0000
577,577,0,0,1,0,1,1,0,0,0000
578,578,0,0,1,0,1,1,0,0,0000
579,579,0,0,1,0,1,1,0,0,0000
580,580,0,0,1,0,1,1,0,0,0000
581,581,0,0,1,0,1,1,0,0,0000
582,582,0,0,1,0,1,0,0,0,0000
583,583,0,0,1,0,1,0,0,0,0000
584,584,0,0,1,0,1,0,0,0,0000
585,585,0,0,1,0,1,0,0,0,0000
586,586,0,0,1,0,1,0,0,0,0000
587,587,0,0,1,0,1,0,0,0,0000
588,588,0,0,1,0,1,1,0,0,0000
589,589,0,0,1,0,1,1,0,0,0000
590,590,0,0,1,0,1,1,0,0,0000
591,591,0,0,1,0,1,1,0,0,0000
592,592,0,0,1,0,1,1,0,0,0000
593,593,0,0,1,0,1,1,0,0,0000
594,594,0,0,1,0,1,0,0,0,0000
595,595,0,0,1,0,1,0,0,0,0000
596,596,0,0,1,0,1,0,0,0,0000
597,597,0,0,1,0,1,0,0,0,0000
598,598,0,0,1,0,1,0,0,0,0000
599,599,0,0,1,0,1,0,0,0,0000
600,600,0,0,1,0,1,1,0,0,0000
601,601,0,0,1,0,1,1,0,0,ffff
602,602,0,0,1,0,1,1,0,0,ffff
603,603,0,0,1,0,1,1,0,0,ffff
604,604,0,0,1,0,1,1,0,0,ffff
605,605,0,0,1,0,1,1,0,0,ffff
606,606,0,0,1,0,1,0,0,0,ffff
607,607,0,0,1,0,1,0,0,0,ffff
608,608,0,0,1,0,1,0,0,0,ffff
609,609,0,0,1,0,1,0,0,0,ffff
610,610,0,0,1,0,1,0,0,0,ffff
611,611,0,0,1,0,1,0,0,0,ffff
612,612,0,0,1,0,1,1,0,0,ffff
613,613,0,0,1,0,1,1,0,0,ffff
614,614,0,0,1,0,1,1,0,0,ffff
615,615,0,0,1,0,1,1,0,0,ffff
616,616,0,0,1,0,1,1,0,0,ffff
617,617,0,0,1,0,1,1,0,0,ffff
618,618,0,0,1,0,1,0,0,0,ffff
619,619,0,0,1,0,1,0,0,0,ffff
620,620,0,0,1,0,1,0,0,0,ffff
621,621,0,0,1,0,1,0,0,0,ffff
622,622,0,0,1,0,1,0,0,0,ffff
623,623,0,0,1,0,1,0,0,0,ffff
624,624,0,0,1,0,1,1,0,0,ffff
625,625,0,0,1,0,1,1,0,0,ffff
626,626,0,0,1,0,1,1,0,0,ffff
627,627,0,0,1,0,1,1,0,0,ffff
628,628,0,0,1,0,1,1,0,0,ffff
629,629,0,0,1,0,1,1,0,0,ffff
630,630,0,0,1,0,1,0,0,0,ffff
631,631,0,0,1,0,1,0,0,0,ffff
632,632,0,0,1,0,1,0,0,1,ffff
633,633,0,0,1,0,1,0,0,1,0000
634,634,0,0,1,0,1,0,0,1,0000
635,635,0,0,1,0,1,0,0,1,0000
636,636,0,0,1,0,1,1,0,1,0000
637,637,0,0,1,0,1,1,0,1,0000
638,638,0,0,1,0,1,1,0,1,0000
639,639,0,0,1,0,1,1,0,1,0000
640,640,0,0,1,0,1,1,0,1,0000
641,641,0,0,1,0,1,1,0,1,0000
642,642,0,0,1,0,1,0,0,1,0000
643,643,0,0,1,0,1,0,0,1,0000
644,644,0,0,1,0,1,0,0,0,0000
645,645,0,0,1,0,1,0,0,0,0000
646,646,0,0,1,0,1,0,0,0,0000
647,647,0,0,1,0,1,0,0,0,0000
648,648,0,0,1,0,1,1,0,0,0000
649,649,0,0,1,0,1,1,0,0,0000
650,650,0,0,1,0,1,1,0,0,0000
651,651,0,0,1,0,1,1,0,0,0000
652,652,0,0,1,0,1,1,0,0,0000
653,653,0,0,1,0,1,1,0,0,0000
654,654,0,0,1,0,1,0,0,0,0000
655,655,0,0,1,0,1,0,0,0,0000
656,656,0,0,1,0,1,0,0,0,0000
657,657,0,0,1,0,1,0,0,0,0000
658,658,0,0,1,0,1,0,0,0,0000
659,659,0,0,1,0,1,0,0,0,0000
660,660,0,0,1,0,1,1,0,0,0000
661,661,0,0,1,0,1,1,0,0,0000
662,662,0,0,1,0,1,1,0,0,0000
663,663,0,0,1,0,1,1,0,0,0000
664,664,0,0,1,0,1,1,0,0,0000
665,665,0,0,1,0,1,1,0,0,ffff
666,666,0,0,1,0,1,0,0,0,ffff
667,667,0,0,1,0,1,0,0,0,ffff
668,668,0,0,1,0,1,0,0,0,ffff
669,669,0,0,1,0,1,0,0,0,ffff
670,670,0,0,1,0,1,0,0,0,ffff
671,671,0,0,1,0,1,0,0,0,ffff
672,672,0,0,1,0,1,1,0,0,ffff
673,673,0,0,1,0,1,1,0,0,ffff
674,674,0,0,1,0,1,1,0,0,ffff
675,675,0,0,1,0,1,1,0,0,ffff
676,676,0,0,1,0,1,1,0,0,ffff
677,677,0,0,1,0,1,1,0,0,ffff
678,678,0,0,1,0,1,0,0,0,ffff
679,679,0,0,1,0,1,0,0,0,ffff
680,680,0,0,1,0,1,0,0,0,ffff
681,681,0,0,1,0,1,0,0,0,ffff
682,682,0,0,1,0,1,0,0,0,ffff
683,683,0,0,1,0,1,0,0,0,ffff
684,684,0,0,1,0,1,1,0,0,ffff
685,685,0,0,1,0,1,1,0,0,ffff
686,686,0,0,1,0,1,1,0,0,ffff
687,687,0,0,1,0,1,1,0,0,ffff
688,688,0,0,1,0,1,1,0,0,ffff
689,689,0,0,1,0,1,1,0,0,ffff
690,690,0,0,1,0,1,0,0,0,ffff
691,691,0,0,1,0,1,0,0,0,ffff
692,692,0,0,1,0,1,0,0,0,ffff
693,693,0,0,1,0,1,0,0,0,ffff
694,694,0,0,1,0,1,0,0,0,ffff
695,695,0,0,1,0,1,0,0,0,ffff
696,696,0,0,1,0,1,1,0,0,ffff
697,697,0,0,1,0,1,1,0,0,0000
698,698,0,0,1,0,1,1,0,0,0000
699,699,0,0,1,0,1,1,0,0,0000
700,700,0,0,1,0,1,1,0,0,0000
701,701,0,0,1,0,1,1,0,0,0000
702,702,0,0,1,0,1,0,0,0,0000
703,703,0,0,1,0,1,0,0,0,0000
704,704,0,0,1,0,1,0,0,0,0000
705,705,0,0,1,0,1,0,0,0,0000
706,706,0,0,1,0,1,0,0,0,0000
707,707,0,0,1,0,1,0,0,0,0000
708,708,0,0,1,0,1,1,0,0,0000
709,709,0,0,1,0,1,1,0,0,0000
710,710,0,0,1,0,1,1,0,0,0000
711,711,0,0,1,0,1,1,0,0,0000
712,712,0,0,1,0,1,1,0,0,0000
713,713,0,0,1,0,1,1,0,0,0000
714,714,0,0,1,0,1,0,0,0,0000
715,715,0,0,1,0,1,0,0,0,0000
716,716,0,0,1,0,1,0,0,0,0000
717,717,0,0,1,0,1,0,0,0,0000
718,718,0,0,1,0,1,0,0,0,0000
719,719,0,0,1,0,1,0,0,0,0000
720,720,0,0,1,0,1,1,0,0,0000
721,721,0,0,1,0,1,1,0,0,0000
722,722,0,0,1,0,1,1,0,0,0000
723,723,0,0,1,0,1,1,0,0,0000
724,724,0,0,1,0,1,1,0,0,0000
725,725,0,0,1,0,1,1,0,0,0000
726,726,0,0,1,0,1,0,0,0,0000
727,727,0,0,1,0,1,0,0,0,0000
728,728,0,0,1,0,1,0,0,0,0000
729,729,0,0,1,0,1,0,0,0,ffff
730,730,0,0,1,0,1,0,0,0,ffff
731,731,0,0,1,0,1,0,0,0,ffff
732,732,0,0,1,0,1,1,0,0,ffff
733,733,0,0,1,0,1,1,0,0,ffff
734,734,0,0,1,0,1,1,0,0,ffff
735,735,0,0,1,0,1,1,0,0,ffff
736,736,0,0,1,0,1,1,0,0,ffff
737,737,0,0,1,0,1,1,0,0,ffff
738,738,0,0,1,0,1,0,0,0,ffff
739,739,0,0,1,0,1,0,0,0,ffff
740,740,0,0,1,0,1,0,0,0,ffff
741,741,0,0,1,0,1,0,0,0,ffff
742,742,0,0,1,0,1,0,0,0,ffff
743,743,0,0,1,0,1,0,0,0,ffff
744,744,0,0,1,0,1,1,0,0,ffff
745,745,0,0,1,0,1,1,0,0,ffff
746,746,0,0,1,0,1,1,0,0,ffff
747,747,0,0,1,0,1,1,0,0,ffff
748,748,0,0,1,0,1,1,0,0,ffff
749,749,0,0,1,0,1,1,0,0,ffff
750,750,0,0,1,0,1,0,0,0,ffff
751,751,0,0,1,0,1,0,0,0,ffff
752,752,0,0,1,0,1,0,0,0,ffff
753,753,0,0,1,0,1,0,0,0,ffff
754,754,0,0,1,0,1,0,0,0,ffff
755,755,0,0,1,0,1,0,0,0,ffff
756,756,0,0,1,0,1,1,0,0,ffff
757,757,0,0,1,0,1,1,0,0,ffff
758,758,0,0,1,0,1,1,0,0,ffff
759,759,0,0,1,0,1,1,0,0,ffff
760,760,0,0,1,0,1,1,1,0,ffff
761,761,0,0,1,0,1,1,1,0,ffff
762,762,0,0,1,0,1,1,1,0,ffff
763,763,0,0,1,0,1,1,1,0,ffff
764,764,0,0,1,0,1,1,1,0,ffff
765,765,0,0,1,0,1,1,1,0,ffff
766,766,0,0,1,0,1,1,1,0,ffff
767,767,0,0,1,0,1,1,1,0,ffff
768,768,0,0,1,0,1,1,1,0,ffff
769,769,0,0,1,0,1,1,1,0,ffff
770,770,0,0,1,0,1,1,1,0,ffff
771,771,0,0,1,0,1,1,1,0,ffff
772,772,0,0,1,0,1,1,1,0,ffff
773,773,0,0,1,0,1,1,1,0,ffff
774,774,0,0,1,0,1,1,1,0,ffff
775,775,0,0,1,0,1,1,1,0,ffff
776,776,0,0,1,0,1,1,1,0,ffff
777,777,0,0,1,0,1,1,1,0,ffff
778,778,0,0,1,0,1,1,1,0,ffff
779,779,0,0,1,0,1,1,1,0,ffff
780,780,0,0,1,0,1,1,1,0,ffff
781,781,0,0,1,0,1,1,1,0,ffff
782,782,0,0,1,0,1,1,1,0,ffff
783,783,0,0,1,0,1,1,1,0,ffff
784,784,0,0,1,0,1,1,1,0,ffff
785,785,0,0,1,0,1,1,1,0,ffff
786,786,0,0,1,0,1,1,1,0,ffff
787,787,0,0,1,0,1,1,1,0,ffff
788,788,0,0,1,0,1,1,1,0,ffff
789,789,0,0,1,0,1,1,1,0,ffff
790,790,0,0,1,0,1,1,1,0,ffff
791,791,0,0,1,0,1,1,1,0,ffff
792,792,0,0,1,0,1,1,1,0,ffff
793,793,0,0,1,0,1,1,1,0,ffff
794,794,0,0,1,0,1,1,1,0,ffff
795,795,0,0,1,0,1,1,1,0,ffff
796,796,0,0,1,0,1,1,1,0,ffff
797,797,0,0,1,0,1,1,1,0,ffff
798,798,0,0,1,0,1,1,1,0,ffff
799,799,0,0,1,0,1,1,1,0,ffff
800,800,0,0,1,0,1,1,1,0,ffff
801,801,0,0,1,0,1,1,1,0,ffff
802,802,0,0,1,0,1,1,1,0,ffff
803,803,0,0,1,0,1,1,1,0,ffff
804,804,0,0,1,0,1,1,1,0,ffff
805,805,0,0,1,0,1,1,1,0,ffff
806,806,0,0,1,0,1,1,1,0,ffff
807,807,0,0,1,0,1,1,1,0,ffff
808,808,0,0,1,0,1,1,1,0,ffff
809,809,0,0,1,0,1,1,1,0,ffff
810,810,0,0,1,0,1,1,1,0,ffff
811,811,0,0,1,0,1,1,1,0,ffff
812,812,0,0,1,0,1,1,1,0,ffff
813,813,0,0,1,0,1,1,1,0,ffff
814,814,0,0,1,0,1,1,1,0,ffff
815,815,0,0,1,0,1,1,1,0,ffff
816,816,0,0,1,0,1,1,1,0,ffff
817,817,0,0,1,0,1,1,1,0,ffff
818,818,0,0,1,0,1,1,1,0,ffff
819,819,0,0,1,0,1,1,1,0,ffff
820,820,0,0,1,0,1,1,1,0,ffff
821,821,0,0,1,0,1,1,1,0,ffff
822,822,0,0,1,0,1,1,1,0,ffff
823,823,0,0,1,0,1,1,1,0,ffff
824,824,0,0,1,0,1,1,1,0,ffff
825,825,0,0,1,0,1,1,1,0,ffff
826,826,0,0,1,0,1,1,1,0,ffff
827,827,0,0,1,0,1,1,0,0,ffff
828,828,0,0,1,0,1,1,0,0,0000
829,829,0,0,1,0,1,1,0,0,0000
830,830,0,0,1,0,1,0,0,0,0000
831,831,0,0,1,0,1,0,0,0,0000
832,832,0,0,1,0,1,0,0,0,0000
833,833,0,0,1,0,1,0,0,0,0000
834,834,0,0,1,0,1,0,0,0,0000
835,835,0,0,1,0,1,0,0,0,0000
836,836,0,0,1,0,1,1,0,0,0000
837,837,0,0,1,0,1,1,0,0,0000
838,838,0,0,1,0,1,1,0,0,0000
839,839,0,0,1,0,1,1,0,0,0000
840,840,0,0,1,0,1,1,0,0,0000
841,841,0,0,1,0,1,1,0,0,0000
842,842,0,0,1,0,1,0,0,0,0000
843,843,0,0,1,0,1,0,0,0,0000
844,844,0,0,1,0,1,0,0,0,0000
845,845,0,0,1,0,1,0,0,0,0000
846,846,0,0,1,0,1,0,0,0,0000
847,847,0,0,1,0,1,0,0,0,0000
848,848,0,0,1,0,1,1,0,0,0000
849,849,0,0,1,0,1,1,0,0,0000
850,850,0,0,1,0,1,1,0,0,0000
851,851,0,0,1,0,1,1,0,0,0000
852,852,0,0,1,0,1,1,0,0,0000
853,853,0,0,1,0,1,1,0,0,0000
854,854,0,0,1,0,1,0,0,0,0000
855,855,0,0,1,0,1,0,0,0,0000
856,856,0,0,1,0,1,0,0,0,0000
857,857,0,0,1,0,1,0,0,0,0000
858,858,0,0,1,0,1,0,0,0,0000
859,859,0,0,1,0,1,0,0,0,0000
860,860,0,0,1,0,1,1,0,0,ffff
861,861,0,0,1,0,1,1,0,0,ffff
862,862,0,0,1,0,1,1,0,0,ffff
863,863,0,0,1,0,1,1,0,0,ffff
864,864,0,0,1,0,1,1,0,0,ffff
865,865,0,0,1,0,1,1,0,0,ffff
866,866,0,0,1,0,1,0,0,0,ffff
867,867,0,0,1,0,1,0,0,0,ffff
868,868,0,0,1,0,1,0,0,0,ffff
869,869,0,0,1,0,1,0,0,0,ffff
870,870,0,0,1,0,1,0,0,0,ffff
871,871,0,0,1,0,1,0,0,0,ffff
872,872,0,0,1,0,1,1,0,0,ffff
873,873,0,0,1,0,1,1,0,0,ffff
874,874,0,0,1,0,1,1,0,0,ffff
875,875,0,0,1,0,1,1,0,0,ffff
876,876,0,0,1,0,1,1,0,0,ffff
877,877,0,0,1,0,1,1,0,0,ffff
878,878,0,0,1,0,1,0,0,0,ffff
879,879,0,0,1,0,1,0,0,0,ffff
880,880,0,0,1,0,1,0,0,0,ffff
881,881,0,0,1,0,1,0,0,0,ffff
882,882,0,0,1,0,1,0,0,0,ffff
883,883,0,0,1,0,1,0,0,0,ffff
884,884,0,0,1,0,1,1,0,0,ffff
885,885,0,0,1,0,1,1,0,0,ffff
886,886,0,0,1,0,1,1,0,0,ffff
887,887,0,0,1,0,1,1,0,0,ffff
888,888,0,0,1,0,1,1,0,0,ffff
889,889,0,0,1,0,1,1,0,0,ffff
890,890,0,0,1,0,1,0,0,0,ffff
891,891,0,0,1,0,1,0,0,0,ffff
892,892,0,0,1,0,1,0,0,1,0000
893,893,0,0,1,0,1,0,0,1,0000
894,894,0,0,1,0,1,0,0,1,0000
895,895,0,0,1,0,1,0,0,1,0000
896,896,0,0,1,0,1,1,0,1,0000
897,897,0,0,1,0,1,1,0,1,0000
898,898,0,0,1,0,1,1,0,1,0000
899,899,0,0,1,0,1,1,0,1,0000
900,900,0,0,1,0,1,1,0,1,0000
901,901,0,0,1,0,1,1,0,1,0000
902,902,0,0,1,0,1,0,0,1,0000
903,903,0,0,1,0,1,0,0,1,0000
904,904,0,0,1,0,1,0,0,0,0000
905,905,0,0,1,0,1,0,0,0,0000
906,906,0,0,1,0,1,0,0,0,0000
907,907,0,0,1,0,1,0,0,0,0000
908,908,0,0,1,0,1,1,0,0,0000
909,909,0,0,1,0,1,1,0,0,0000
910,910,0,0,1,0,1,1,0,0,0000
911,911,0,0,1,0,1,1,0,0,0000
912,912,0,0,1,0,1,1,0,0,0000
913,913,0,0,1,0,1,1,0,0,0000
914,914,0,0,1,0,1,0,0,0,0000
915,915,0,0,1,0,1,0,0,0,0000
916,916,0,0,1,0,1,0,0,0,0000
917,917,0,0,1,0,1,0,0,0,0000
918,918,0,0,1,0,1,0,0,0,0000
919,919,0,0,1,0,1,0,0,0,0000
920,920,0,0,1,0,1,1,0,0,0000
921,921,0,0,1,0,1,1,0,0,0000
922,922,0,0,1,0,1,1,0,0,0000
923,923,0,0,1,0,1,1,0,0,0000
924,924,0,0,1,0,1,1,0,0,ffff
925,925,0,0,1,0,1,1,0,0,ffff
926,926,0,0,1,0,1,0,0,0,ffff
927,927,0,0,1,0,1,0,0,0,ffff
928,928,0,0,1,0,1,0,0,0,ffff
929,929,0,0,1,0,1,0,0,0,ffff
930,930,0,0,1,0,1,0,0,0,ffff
931,931,0,0,1,0,1,0,0,0,ffff
932,932,0,0,1,0,1,1,0,0,ffff
933,933,0,0,1,0,1,1,0,0,ffff
934,934,0,0,1,0,1,1,0,0,ffff
935,935,0,0,1,0,1,1,0,0,ffff
936,936,0,0,1,0,1,1,0,0,ffff
937,937,0,0,1,0,1,1,0,0,ffff
938,938,0,0,1,0,1,0,0,0,ffff
939,939,0,0,1,0,1,0,0,0,ffff
940,940,0,0,1,0,1,0,0,0,ffff
941,941,0,0,1,0,1,0,0,0,ffff
942,942,0,0,1,0,1,0,0,0,ffff
943,943,0,0,1,0,1,0,0,0,ffff
944,944,0,0,1,0,1,1,0,0,ffff
945,945,0,0,1,0,1,1,0,0,ffff
946,946,0,0,1,0,1,1,0,0,ffff
947,947,0,0,1,0,1,1,0,0,ffff
948,948,0,0,1,0,1,1,0,0,ffff
949,949,0,0,1,0,1,1,0,0,ffff
950,950,0,0,1,0,1,0,0,0,ffff
951,951,0,0,1,0,1,0,0,0,ffff
952,952,0,0,1,0,1,0,0,0,ffff
953,953,0,0,1,0,1,0,0,0,ffff
954,954,0,0,1,0,1,0,0,0,ffff
955,955,0,0,1,0,1,0,0,0,ffff
956,956,0,0,1,0,1,1,0,0,0000
957,957,0,0,1,0,1,1,0,0,0000
958,958,0,0,1,0,1,1,0,0,0000
959,959,0,0,1,0,1,1,0,0,0000
960,960,0,0,1,0,1,1,0,0,0000
961,961,0,0,1,0,1,1,0,0,0000
962,962,0,0,1,0,1,0,0,0,0000
963,963,0,0,1,0,1,0,0,0,0000
964,964,0,0,1,0,1,0,0,0,0000
965,965,0,0,1,0,1,0,0,0,0000
966,966,0,0,1,0,1,0,0,0,0000
967,967,0,0,1,0,1,0,0,0,0000
968,968,0,0,1,0,1,1,0,0,0000
969,969,0,0,1,0,1,1,0,0,0000
970,970,0,0,1,0,1,1,0,0,0000
971,971,0,0,1,0,1,1,0,0,0000
972,972,0,0,1,0,1,1,0,0,0000
973,973,0,0,1,0,1,1,0,0,0000
974,974,0,0,1,0,1,0,0,0,0000
975,975,0,0,1,0,1,0,0,0,0000
976,976,0,0,1,0,1,0,0,0,0000
977,977,0,0,1,0,1,0,0,0,0000
978,978,0,0,1,0,1,0,0,0,0000
979,979,0,0,1,0,1,0,0,0,0000
980,980,0,0,1,0,1,1,0,0,0000
981,981,0,0,1,0,1,1,0,0,0000
982,982,0,0,1,0,1,1,0,0,0000
983,983,0,0,1,0,1,1,0,0,0000
984,984,0,0,1,0,1,1,0,0,0000
985,985,0,0,1,0,1,1,0,0,0000
986,986,0,0,1,0,1,0,0,0,0000
987,987,0,0,1,0,1,0,0,0,0000
988,988,0,0,1,0,1,0,0,0,ffff
989,989,0,0,1,0,1,0,0,0,ffff
990,990,0,0,1,0,1,0,0,0,ffff
991,991,0,0,1,0,1,0,0,0,ffff
992,992,0,0,1,0,1,1,0,0,ffff
993,993,0,0,1,0,1,1,0,0,ffff
994,994,0,0,1,0,1,1,0,0,ffff
995,995,0,0,1,0,1,1,0,0,ffff
996,996,0,0,1,0,1,1,0,0,ffff
997,997,0,0,1,0,1,1,0,0,ffff
998,998,0,0,1,0,1,0,0,0,ffff
999,999,0,0,1,0,1,0,0,0,ffff
1000,1000,0,0,1,0,1,0,0,0,ffff
1001,1001,0,0,1,0,1,0,0,0,ffff
1002,1002,0,0,1,0,1,0,0,0,ffff
1003,1003,0,0,1,0,1,0,0,0,ffff
1004,1004,0,0,1,0,1,1,0,0,ffff
1005,1005,0,0,1,0,1,1,0,0,ffff
1006,1006,0,0,1,0,1,1,0,0,ffff
1007,1007,0,0,1,0,1,1,0,0,ffff
1008,1008,0,0,1,0,1,1,0,0,ffff
1009,1009,0,0,1,0,1,1,0,0,ffff
1010,1010,0,0,1,0,1,0,0,0,ffff
1011,1011,0,0,1,0,1,0,0,0,ffff
1012,1012,0,0,1,0,1,0,0,0,ffff
1013,1013,0,0,1,0,1,0,0,0,ffff
1014,1014,0,0,1,0,1,0,0,0,ffff
1015,1015,0,0,1,0,1,0,0,0,ffff
1016,1016,0,0,1,0,1,1,0,0,ffff
1017,1017,0,0,1,0,1,1,0,0,ffff
1018,1018,0,0,1,0,1,1,0,0,ffff
1019,1019,0,0,1,0,1,1,0,0,ffff
1020,1020,0,0,1,0,1,1,1,0,ffff
1021,1021,0,0,1,0,1,1,1,0,ffff
1022,1022,0,0,1,0,1,1,1,0,ffff
1023,1023,0,0,1,0,1,1,1,0,ffff
